OBJECTID,GEOID,NAME,B17001_001E,B17001_002E,B17001_003E,B17001_004E,B17001_005E,B17001_006E,B17001_007E,B17001_008E,B17001_009E,B17001_010E,B17001_011E,B17001_012E,B17001_013E,B17001_014E,B17001_015E,B17001_016E,B17001_017E,B17001_018E,B17001_019E,B17001_020E,B17001_021E,B17001_022E,B17001_023E,B17001_024E,B17001_025E,B17001_026E,B17001_027E,B17001_028E,B17001_029E,B17001_030E,B17001_031E,B17001_032E,B17001_033E,B17001_034E,B17001_035E,B17001_036E,B17001_037E,B17001_038E,B17001_039E,B17001_040E,B17001_041E,B17001_042E,B17001_043E,B17001_044E,B17001_045E,B17001_046E,B17001_047E,B17001_048E,B17001_049E,B17001_050E,B17001_051E,B17001_052E,B17001_053E,B17001_054E,B17001_055E,B17001_056E,B17001_057E,B17001_058E,B17001_059E,ACS_VINTAGE,TRACT_LABEL,JURISDICTION,CRA_NO,CRA_GRP,GEN_ALIAS,DETL_NAMES
1,53033000100,"Census Tract 1, King County, Washington",5701,850,399,29,33,14,0,0,13,42,37,14,106,91,0,20,451,24,0,0,0,0,0,130,81,51,101,24,19,21,4851,2696,41,29,130,65,18,90,247,885,338,410,254,91,98,2155,54,17,11,46,0,33,181,551,364,371,309,113,105,5Y10,1,Seattle,8.3,8,Cedar Park/Meadowbrook,"Cedar Park, Lake City, Meadowbrook, Matthews Beach"
2,53033000200,"Census Tract 2, King County, Washington",7682,1128,463,97,0,0,0,0,0,111,53,17,17,81,22,65,665,20,0,87,0,17,47,84,78,0,126,97,61,48,6554,3218,135,5,115,81,0,98,218,676,487,766,320,179,138,3336,195,16,200,69,55,20,230,521,634,423,420,209,344,5Y10,2,Seattle,8.2,8,Olympic Hills/Victory Heights,"Lake City, Victory Heights, Olympic Hills, Pinehurst, Jackson Park"
3,53033000300,"Census Tract 3, King County, Washington",2548,212,76,0,0,11,9,12,0,11,0,13,11,0,9,0,136,0,0,26,0,15,0,0,41,12,14,6,4,18,2336,1218,53,34,89,23,0,6,111,123,240,295,143,65,36,1118,60,52,0,17,0,10,90,84,258,214,154,101,78,5Y10,3,Seattle,9.5,9,Haller Lake,"Haller Lake, Pinehurst"
4,53033000401,"Census Tract 4.01, King County, Washington",5650,1260,653,0,0,31,23,0,0,138,203,32,73,137,16,0,607,35,13,4,0,0,0,68,94,90,98,106,39,60,4390,1927,58,0,96,73,26,41,192,308,363,216,326,56,172,2463,180,17,140,0,14,56,109,478,323,228,290,172,456,5Y10,4.01,Seattle,9.1,9,Broadview/Bitter Lake,"Broadview, Bitter Lake"
5,53033000402,"Census Tract 4.02, King County, Washington",4419,328,43,12,0,0,0,0,0,0,0,0,19,0,0,12,285,0,0,16,0,0,0,34,12,15,83,0,0,125,4091,1909,169,3,50,97,58,52,180,282,261,287,166,145,159,2182,89,0,180,52,7,13,92,329,320,348,203,146,403,5Y10,4.02,Seattle,9.1,9,Broadview/Bitter Lake,"Broadview, Bitter Lake"
6,53033000500,"Census Tract 5, King County, Washington",3474,165,95,0,0,0,0,0,0,0,0,0,19,44,0,32,70,0,0,0,0,0,0,26,0,0,0,0,11,33,3309,1618,14,45,82,59,22,77,130,56,218,350,266,171,128,1691,7,0,170,76,67,55,102,58,225,360,366,84,121,5Y10,5,Seattle,9.1,9,Broadview/Bitter Lake,"Broadview, Bitter Lake"
7,53033000600,"Census Tract 6, King County, Washington",7235,807,310,45,6,0,0,0,0,108,46,0,64,14,13,14,497,0,0,38,0,0,0,62,99,30,75,0,117,76,6428,3228,148,32,152,46,21,80,171,548,617,483,415,278,237,3200,135,0,174,96,0,22,291,719,333,485,303,237,405,5Y10,6,Seattle,9.5,9,Haller Lake,"Haller Lake, Pinehurst"
8,53033000700,"Census Tract 7, King County, Washington",4643,542,246,14,0,0,0,0,0,52,106,0,29,32,0,13,296,0,0,17,0,0,15,94,16,34,17,66,24,13,4101,2179,68,16,123,32,16,14,244,742,345,234,216,92,37,1922,82,10,65,37,23,66,150,446,310,315,240,109,69,5Y10,7,Seattle,8.2,8,Olympic Hills/Victory Heights,"Lake City, Victory Heights, Olympic Hills, Pinehurst, Jackson Park"
9,53033000800,"Census Tract 8, King County, Washington",2756,304,90,0,0,0,23,0,0,8,8,0,33,14,0,4,214,0,24,0,0,0,29,0,114,12,26,9,0,0,2452,1280,55,0,30,73,0,32,129,201,175,223,240,28,94,1172,67,10,98,11,49,32,13,131,199,181,226,52,103,5Y10,8,Seattle,8.3,8,Cedar Park/Meadowbrook,"Cedar Park, Lake City, Meadowbrook, Matthews Beach"
10,53033000900,"Census Tract 9, King County, Washington",2025,99,57,0,0,0,0,11,0,10,19,0,17,0,0,0,42,0,0,10,0,0,0,0,15,0,17,0,0,0,1926,865,42,13,40,14,34,29,38,105,78,108,225,76,63,1061,85,10,46,33,16,45,26,69,209,180,198,98,46,5Y10,9,Seattle,8.3,8,Cedar Park/Meadowbrook,"Cedar Park, Lake City, Meadowbrook, Matthews Beach"
11,53033001000,"Census Tract 10, King County, Washington",1702,228,109,9,0,13,12,0,6,31,25,0,13,0,0,0,119,0,0,13,0,0,12,54,22,0,9,0,0,9,1474,636,45,26,51,35,0,6,19,97,131,65,112,49,0,838,115,0,68,22,0,12,53,137,141,42,186,34,28,5Y10,10,Seattle,8.3,8,Cedar Park/Meadowbrook,"Cedar Park, Lake City, Meadowbrook, Matthews Beach"
12,53033001100,"Census Tract 11, King County, Washington",2573,189,91,0,0,0,0,0,0,13,0,37,0,26,0,15,98,0,0,0,9,0,0,29,10,0,36,14,0,0,2384,1285,99,0,52,43,9,18,117,212,266,165,175,81,48,1099,27,22,59,1,0,45,145,161,179,135,231,25,69,5Y10,11,Seattle,8.2,8,Olympic Hills/Victory Heights,"Lake City, Victory Heights, Olympic Hills, Pinehurst, Jackson Park"
13,53033001200,"Census Tract 12, King County, Washington",5753,832,398,48,0,16,16,0,0,81,88,47,14,29,10,49,434,19,0,16,0,0,0,84,47,97,41,62,35,33,4921,2409,60,22,61,10,0,21,303,693,313,334,265,113,214,2512,61,31,159,75,25,10,335,509,215,169,369,128,426,5Y10,12,Seattle,8.1,8,Northgate/Maple Leaf,"Maple Leaf, Northgate, Pinehurst"
14,53033001300,"Census Tract 13, King County, Washington",4230,974,467,0,0,0,0,17,17,140,0,67,93,21,112,0,507,42,0,34,0,0,28,137,73,53,43,34,48,15,3256,1578,126,0,28,23,23,0,115,664,208,168,148,65,10,1678,153,0,32,17,0,0,75,698,150,127,231,123,72,5Y10,13,Seattle,9.2,9,Licton Springs,Licton Springs
15,53033001400,"Census Tract 14, King County, Washington",4754,474,310,0,0,14,54,0,15,32,30,65,68,32,0,0,164,0,0,39,0,0,15,35,9,0,15,32,19,0,4280,2108,52,13,198,63,36,28,125,490,208,346,314,123,112,2172,78,27,99,0,27,58,79,563,302,389,295,176,79,5Y10,14,Seattle,10.1,10,North Beach/Blue Ridge,"Crown Hill, North Beach, Blue Ridge"
16,53033001500,"Census Tract 15, King County, Washington",2463,109,45,11,12,0,0,0,0,9,13,0,0,0,0,0,64,12,0,0,0,0,0,0,28,12,0,12,0,0,2354,1133,63,16,40,49,0,13,21,145,174,310,200,58,44,1221,62,0,99,18,10,56,37,108,220,252,205,84,70,5Y10,15,Seattle,10.1,10,North Beach/Blue Ridge,"Crown Hill, North Beach, Blue Ridge"
17,53033001600,"Census Tract 16, King County, Washington",4271,346,186,44,0,8,11,45,19,0,24,9,0,26,0,0,160,0,0,16,7,0,24,16,0,9,88,0,0,0,3925,1810,88,0,92,104,9,50,54,141,307,342,339,109,175,2115,82,27,109,75,14,31,174,166,323,425,300,132,257,5Y10,16,Seattle,10.1,10,North Beach/Blue Ridge,"Crown Hill, North Beach, Blue Ridge"
18,53033001701,"Census Tract 17.01, King County, Washington",3615,543,229,42,44,0,44,0,0,0,35,21,14,12,0,17,314,0,0,45,0,0,0,101,73,41,41,13,0,0,3072,1620,72,13,16,67,22,7,85,575,377,205,131,26,24,1452,92,18,24,15,0,15,77,514,219,168,191,55,64,5Y10,17.01,Seattle,9.3,9,Greenwood/Phinney Ridge,"Greenwood, Phinney Ridge, Woodland Park, Crown Hill"
19,53033001702,"Census Tract 17.02, King County, Washington",4293,501,235,0,0,14,0,0,0,14,61,48,32,53,13,0,266,16,0,0,0,0,0,70,15,14,0,43,30,78,3792,1999,56,33,204,41,0,15,109,412,405,354,235,56,79,1793,181,0,24,25,41,24,131,317,384,283,246,71,66,5Y10,17.02,Seattle,9.3,9,Greenwood/Phinney Ridge,"Greenwood, Phinney Ridge, Woodland Park, Crown Hill"
20,53033001800,"Census Tract 18, King County, Washington",4204,467,159,23,0,0,0,0,0,31,29,33,30,0,13,0,308,0,0,0,0,0,0,120,72,31,71,0,14,0,3737,1856,136,22,93,0,0,0,245,783,292,147,91,15,32,1881,151,0,18,0,0,0,245,768,351,197,59,48,44,5Y10,18,Seattle,9.2,9,Licton Springs,Licton Springs
21,53033001900,"Census Tract 19, King County, Washington",3622,304,121,0,0,9,8,0,0,0,22,19,11,52,0,0,183,9,10,8,0,0,0,43,49,17,26,0,0,21,3318,1655,126,8,47,20,8,21,138,478,310,249,145,59,46,1663,87,54,53,35,0,41,150,383,234,258,156,91,121,5Y10,19,Seattle,8.1,8,Northgate/Maple Leaf,"Maple Leaf, Northgate, Pinehurst"
22,53033002000,"Census Tract 20, King County, Washington",3403,365,252,6,0,0,0,9,0,67,55,35,20,60,0,0,113,0,0,0,0,0,9,41,0,30,20,13,0,0,3038,1543,109,24,82,51,0,17,154,276,371,221,127,27,84,1495,76,27,37,39,6,23,107,276,324,231,86,120,143,5Y10,20,Seattle,8.1,8,Northgate/Maple Leaf,"Maple Leaf, Northgate, Pinehurst"
23,53033002100,"Census Tract 21, King County, Washington",3482,302,110,0,0,0,10,0,0,24,12,0,18,32,14,0,192,0,0,14,14,15,21,41,0,14,26,29,0,18,3180,1537,64,7,123,40,21,11,69,231,315,354,145,64,93,1643,98,44,33,51,19,59,98,235,299,303,194,87,123,5Y10,21,Seattle,7.4,7,Wedgwood/View Ridge,"Wedgwood, View Ridge, Bryant, Matthews Beach"
24,53033002200,"Census Tract 22, King County, Washington",5321,207,123,50,0,0,0,0,0,17,8,0,0,48,0,0,84,26,0,0,0,0,0,8,26,0,16,8,0,0,5114,2622,69,34,216,129,78,25,111,297,342,388,494,263,176,2492,49,47,274,72,48,37,107,263,294,464,386,169,282,5Y10,22,Seattle,7.4,7,Wedgwood/View Ridge,"Wedgwood, View Ridge, Bryant, Matthews Beach"
25,53033002400,"Census Tract 24, King County, Washington",2859,193,105,0,0,20,0,0,0,44,30,0,11,0,0,0,88,0,0,10,0,11,10,10,12,0,11,24,0,0,2666,1362,88,18,112,72,23,0,50,243,245,156,207,71,77,1304,66,20,126,35,35,30,18,166,309,155,180,66,98,5Y10,24,Seattle,7.4,7,Wedgwood/View Ridge,"Wedgwood, View Ridge, Bryant, Matthews Beach"
26,53033002500,"Census Tract 25, King County, Washington",2957,140,30,6,0,0,0,0,0,0,13,0,11,0,0,0,110,0,0,0,0,0,0,22,29,27,24,0,8,0,2817,1353,94,20,65,24,0,36,190,323,186,173,163,33,46,1464,97,12,70,51,0,33,93,336,151,169,251,113,88,5Y10,25,Seattle,7.3,7,Ravenna/Bryant,"Ravenna, Bryant, Roosevelt, View Ridge, Hawthorne Hills, Windermere, University District"
27,53033002600,"Census Tract 26, King County, Washington",4456,219,34,0,0,0,0,0,0,12,10,0,0,0,12,0,185,0,0,9,0,9,0,71,59,0,12,13,12,0,4237,2044,141,65,96,52,11,63,120,287,491,330,227,105,56,2193,162,8,144,53,18,53,116,393,408,319,310,95,114,5Y10,26,Seattle,7.3,7,Ravenna/Bryant,"Ravenna, Bryant, Roosevelt, View Ridge, Hawthorne Hills, Windermere, University District"
28,53033002700,"Census Tract 27, King County, Washington",4877,207,108,0,0,0,0,0,0,17,23,20,16,32,0,0,99,0,0,0,0,0,0,68,0,0,14,17,0,0,4670,2458,95,37,131,54,50,12,161,736,367,335,261,157,62,2212,190,21,27,42,26,0,177,602,405,291,279,105,47,5Y10,27,Seattle,9.4,9,Green Lake,"Green Lake, Meridian, Roosevelt, Woodland Park"
29,53033002800,"Census Tract 28, King County, Washington",4008,259,140,0,0,22,0,0,0,9,33,12,11,24,29,0,119,0,0,0,0,0,0,16,25,11,36,31,0,0,3749,1626,90,49,86,26,0,0,26,430,392,243,193,46,45,2123,161,11,187,26,0,14,86,531,391,286,293,25,112,5Y10,28,Seattle,9.3,9,Greenwood/Phinney Ridge,"Greenwood, Phinney Ridge, Woodland Park, Crown Hill"
30,53033002900,"Census Tract 29, King County, Washington",4117,194,90,0,0,0,0,10,0,0,14,0,31,23,0,12,104,0,0,0,0,0,0,37,10,22,10,0,12,13,3923,1948,166,10,54,70,0,13,86,307,568,340,234,34,66,1975,178,9,137,19,25,31,72,362,441,335,250,26,90,5Y10,29,Seattle,9.3,9,Greenwood/Phinney Ridge,"Greenwood, Phinney Ridge, Woodland Park, Crown Hill"
31,53033003000,"Census Tract 30, King County, Washington",5578,142,22,0,0,0,0,0,12,10,0,0,0,0,0,0,120,0,0,0,0,13,10,0,20,21,21,0,0,35,5436,2652,231,39,200,36,48,18,146,456,674,398,287,90,29,2784,167,76,168,58,14,29,163,361,701,518,281,130,118,5Y10,30,Seattle,10.2,10,Whittier Heights,"Whittier Heights, Loyal Heights, Crown Hill"
32,53033003100,"Census Tract 31, King County, Washington",6159,344,172,9,0,0,0,0,0,26,94,12,31,0,0,0,172,10,0,0,0,0,0,12,68,0,23,30,15,14,5815,2934,267,21,205,138,26,45,128,198,641,500,459,172,134,2881,182,9,137,99,38,130,58,395,585,482,430,146,190,5Y10,31,Seattle,10.3,10,Sunset Hill/Loyal Heights,"Sunset Hill, Golden Gardens, Loyal Heights, Shilshole"
33,53033003200,"Census Tract 32, King County, Washington",7178,477,161,0,0,0,0,0,0,0,58,0,16,30,34,23,316,0,0,13,0,0,0,0,150,0,12,31,41,69,6701,3346,201,44,80,38,36,77,150,774,672,516,342,196,220,3355,221,13,124,63,14,55,90,705,660,611,411,213,175,5Y10,32,Seattle,10.3,10,Sunset Hill/Loyal Heights,"Sunset Hill, Golden Gardens, Loyal Heights, Shilshole"
34,53033003300,"Census Tract 33, King County, Washington",6066,655,277,35,0,27,0,0,0,11,120,53,0,13,18,0,378,86,0,0,0,27,0,49,74,105,0,37,0,0,5411,2448,124,27,155,31,0,28,66,675,447,485,306,23,81,2963,179,42,86,25,16,49,290,813,528,375,360,61,139,5Y10,33,Seattle,10.2,10,Whittier Heights,"Whittier Heights, Loyal Heights, Crown Hill"
35,53033003400,"Census Tract 34, King County, Washington",3334,87,36,0,0,0,0,0,0,0,14,12,0,0,0,10,51,0,0,0,0,0,0,8,9,0,12,0,12,10,3247,1594,114,9,99,61,26,37,26,340,330,277,200,10,65,1653,78,19,109,75,0,31,103,303,343,258,240,9,85,5Y10,34,Seattle,9.3,9,Greenwood/Phinney Ridge,"Greenwood, Phinney Ridge, Woodland Park, Crown Hill"
36,53033003500,"Census Tract 35, King County, Washington",3906,202,116,0,0,0,0,0,0,0,71,0,0,36,0,9,86,0,0,0,0,0,0,0,43,0,0,22,0,21,3704,1727,76,17,67,39,24,12,78,375,364,287,160,105,123,1977,100,29,213,34,13,24,85,348,377,343,232,79,100,5Y10,35,Seattle,9.3,9,Greenwood/Phinney Ridge,"Greenwood, Phinney Ridge, Woodland Park, Crown Hill"
37,53033003600,"Census Tract 36, King County, Washington",5080,423,222,0,0,0,0,0,0,71,71,0,0,67,13,0,201,0,0,0,0,0,0,70,18,11,26,17,28,31,4657,2308,57,41,24,69,0,19,140,666,476,305,269,120,122,2349,148,0,84,13,22,0,185,674,469,144,297,7,306,5Y10,36,Seattle,9.4,9,Green Lake,"Green Lake, Meridian, Roosevelt, Woodland Park"
38,53033003800,"Census Tract 38, King County, Washington",1941,37,15,0,0,0,0,0,0,0,0,15,0,0,0,0,22,0,0,0,0,0,0,17,0,5,0,0,0,0,1904,864,83,10,51,12,11,5,17,124,172,174,131,22,52,1040,38,21,151,6,0,13,43,99,237,164,146,75,47,5Y10,38,Seattle,7.3,7,Ravenna/Bryant,"Ravenna, Bryant, Roosevelt, View Ridge, Hawthorne Hills, Windermere, University District"
39,53033003900,"Census Tract 39, King County, Washington",2852,181,118,0,0,0,0,0,0,42,13,25,38,0,0,0,63,0,0,0,0,0,0,35,15,0,0,0,0,13,2671,1329,112,33,156,58,0,0,111,149,221,138,173,84,94,1342,141,5,102,30,12,38,99,81,271,143,212,54,154,5Y10,39,Seattle,7.4,7,Wedgwood/View Ridge,"Wedgwood, View Ridge, Bryant, Matthews Beach"
40,53033004000,"Census Tract 40, King County, Washington",2815,561,350,0,0,0,0,0,0,62,22,60,109,78,19,0,211,0,0,0,0,0,0,28,60,18,84,0,21,0,2254,886,12,4,76,26,8,43,71,111,153,167,107,39,69,1368,151,0,61,62,0,12,43,237,154,228,112,133,175,5Y10,40,Seattle,7.5,7,Laurelhurst/Sand Point,"Laurelhurst, Windermere, Sand Point, Hawthorne Hills, Magnuson Park"
41,53033004100,"Census Tract 41, King County, Washington",7992,592,237,0,0,0,0,0,0,169,29,0,14,25,0,0,355,33,0,14,0,0,0,215,30,0,13,0,38,12,7400,3517,258,81,299,171,35,99,219,370,565,493,531,177,219,3883,253,65,259,148,112,118,320,401,615,592,528,206,266,5Y10,41,Seattle,7.5,7,Laurelhurst/Sand Point,"Laurelhurst, Windermere, Sand Point, Hawthorne Hills, Magnuson Park"
42,53033004200,"Census Tract 42, King County, Washington",7887,663,158,27,0,15,0,0,0,45,54,0,0,17,0,0,505,0,14,30,0,0,0,258,42,22,0,15,43,81,7224,3531,191,30,404,35,34,52,190,624,636,628,391,102,214,3693,282,101,138,100,26,36,353,460,582,646,476,185,308,5Y10,42,Seattle,7.3,7,Ravenna/Bryant,"Ravenna, Bryant, Roosevelt, View Ridge, Hawthorne Hills, Windermere, University District"
43,53033004301,"Census Tract 43.01, King County, Washington",3845,794,366,15,0,0,0,0,14,270,67,0,0,0,0,0,428,15,0,0,0,0,8,261,41,0,23,0,67,13,3051,1519,172,23,44,52,17,13,253,321,146,214,157,0,107,1532,90,49,71,13,0,8,219,240,246,223,189,15,169,5Y10,43.01,Seattle,7.3,7,Ravenna/Bryant,"Ravenna, Bryant, Roosevelt, View Ridge, Hawthorne Hills, Windermere, University District"
44,53033004302,"Census Tract 43.02, King County, Washington",2051,1159,699,0,0,0,0,30,0,607,32,16,0,0,0,14,460,0,0,15,0,0,15,362,22,0,0,11,35,0,892,387,0,0,0,0,0,0,195,80,54,13,13,19,13,505,17,0,0,0,0,0,177,168,36,21,12,45,29,5Y10,43.02,Seattle,7.3,7,Ravenna/Bryant,"Ravenna, Bryant, Roosevelt, View Ridge, Hawthorne Hills, Windermere, University District"
45,53033004400,"Census Tract 44, King County, Washington",6296,2200,1122,0,0,0,0,0,0,1002,68,0,37,15,0,0,1078,0,0,0,0,0,0,1020,33,0,0,10,15,0,4096,2528,192,0,123,49,0,40,741,584,294,249,130,76,50,1568,67,0,17,0,0,17,341,367,305,156,192,68,38,5Y10,44,Seattle,7.2,7,University District,"University District, Cowen Park, Ravenna"
46,53033004500,"Census Tract 45, King County, Washington",2750,482,343,0,0,0,0,0,0,280,41,0,13,9,0,0,139,0,0,0,6,6,0,15,72,32,8,0,0,0,2268,1148,44,31,27,14,0,9,70,400,283,130,97,25,18,1120,62,16,59,13,0,0,118,433,122,110,134,33,20,5Y10,45,Seattle,11.2,11,Wallingford,"Wallingford, Meridian, Northlake, University District"
47,53033004600,"Census Tract 46, King County, Washington",3079,197,102,0,0,0,0,0,14,11,32,0,35,10,0,0,95,0,0,0,0,0,0,16,10,11,43,15,0,0,2882,1401,65,29,88,28,15,44,97,283,269,179,202,50,52,1481,75,0,82,44,0,0,150,282,280,227,235,65,41,5Y10,46,Seattle,9.4,9,Green Lake,"Green Lake, Meridian, Roosevelt, Woodland Park"
48,53033004700,"Census Tract 47, King County, Washington",5744,538,274,14,0,0,0,0,0,89,65,14,31,14,47,0,264,0,0,0,0,0,0,40,81,0,34,26,32,51,5206,2824,40,0,77,17,0,41,201,1082,562,449,212,43,100,2382,22,36,45,13,6,70,265,642,414,284,286,196,103,5Y10,47,Seattle,10.4,10,Ballard,"Ballard, West Woodland, Adams"
49,53033004800,"Census Tract 48, King County, Washington",4597,294,89,0,0,0,0,0,0,16,12,14,21,26,0,0,205,12,65,13,12,0,0,8,41,54,0,0,0,0,4303,2095,38,61,76,31,21,8,149,591,490,343,145,73,69,2208,112,0,175,107,19,0,130,487,436,370,200,34,138,5Y10,48,Seattle,11.1,11,Fremont,"Fremont, Wallingford, Northlake"
50,53033004900,"Census Tract 49, King County, Washington",5736,455,235,0,0,0,0,0,0,37,112,69,0,17,0,0,220,15,0,0,0,0,0,58,51,32,24,40,0,0,5281,2710,56,0,57,24,0,16,169,1056,566,400,235,99,32,2571,37,14,43,81,28,0,350,1042,363,273,188,84,68,5Y10,49,Seattle,11.1,11,Fremont,"Fremont, Wallingford, Northlake"
51,53033005000,"Census Tract 50, King County, Washington",4313,1225,785,43,0,0,0,0,0,122,118,96,216,190,0,0,440,0,0,44,0,0,0,88,60,44,0,191,0,13,3088,1667,60,29,65,0,0,0,194,553,265,193,192,70,46,1421,46,26,77,48,0,13,156,438,189,139,111,17,161,5Y10,50,Seattle,11.2,11,Wallingford,"Wallingford, Meridian, Northlake, University District"
52,53033005100,"Census Tract 51, King County, Washington",3437,176,119,0,0,0,12,0,0,0,27,39,33,8,0,0,57,0,0,13,0,0,0,0,10,9,25,0,0,0,3261,1666,194,9,104,34,0,0,73,371,395,257,119,98,12,1595,45,22,53,52,12,31,82,382,341,212,213,63,87,5Y10,51,Seattle,11.2,11,Wallingford,"Wallingford, Meridian, Northlake, University District"
53,53033005200,"Census Tract 52, King County, Washington",6347,2287,1168,0,0,0,0,0,0,1057,67,0,12,32,0,0,1119,0,0,0,0,0,0,1035,9,55,0,0,20,0,4060,1995,93,16,87,0,0,0,494,612,249,136,164,109,35,2065,183,21,44,0,0,0,516,787,168,114,138,36,58,5Y10,52,Seattle,11.2,11,Wallingford,"Wallingford, Meridian, Northlake, University District"
54,53033005301,"Census Tract 53.01, King County, Washington",4733,2440,1180,6,0,6,0,0,0,801,167,74,48,0,49,29,1260,0,0,0,0,0,0,1038,140,28,27,13,0,14,2293,1609,16,5,0,28,0,0,540,357,117,258,181,35,72,684,0,0,0,0,0,0,252,229,145,58,0,0,0,5Y10,53.01,Seattle,7.2,7,University District,"University District, Cowen Park, Ravenna"
55,53033005302,"Census Tract 53.02, King County, Washington",181,153,88,0,0,0,0,0,0,46,10,10,0,22,0,0,65,0,0,0,0,0,0,55,10,0,0,0,0,0,28,19,0,0,0,0,0,0,0,0,0,0,10,0,9,9,0,0,0,0,0,0,0,0,0,0,9,0,0,5Y10,53.02,Seattle,7.2,7,University District,"University District, Cowen Park, Ravenna"
56,53033005400,"Census Tract 54, King County, Washington",4238,450,148,0,0,15,0,0,0,48,47,0,38,0,0,0,302,0,0,16,0,0,0,171,50,27,16,22,0,0,3788,1941,93,28,40,20,0,38,128,749,491,222,82,29,21,1847,40,0,76,0,35,30,137,744,273,308,134,46,24,5Y10,54,Seattle,11.1,11,Fremont,"Fremont, Wallingford, Northlake"
57,53033005600,"Census Tract 56, King County, Washington",6391,157,44,0,0,30,0,0,0,0,0,0,0,14,0,0,113,0,0,15,0,0,0,0,31,15,0,34,0,18,6234,2979,85,88,181,103,81,76,118,166,380,669,537,370,125,3255,261,115,227,183,34,38,56,194,534,568,614,176,255,5Y10,56,Seattle,12.1,12,Magnolia,"Magnolia, Discovery Park, Briarcliff, Lawton Park"
58,53033005700,"Census Tract 57, King County, Washington",6388,489,352,32,0,0,0,0,0,251,14,0,44,0,0,11,137,17,0,0,0,0,0,38,42,0,0,0,0,40,5899,3042,168,43,270,160,16,78,132,415,548,645,275,148,144,2857,160,60,184,40,0,99,117,324,562,523,378,147,263,5Y10,57,Seattle,12.1,12,Magnolia,"Magnolia, Discovery Park, Briarcliff, Lawton Park"
59,53033005801,"Census Tract 58.01, King County, Washington",4946,147,45,0,0,9,0,0,0,0,0,3,21,12,0,0,102,0,0,0,8,0,0,70,0,0,24,0,0,0,4799,2245,58,26,87,27,19,13,263,577,470,333,216,75,81,2554,105,78,101,17,13,63,111,686,530,309,280,147,114,5Y10,58.01,Seattle,12.2,12,Interbay,Interbay
60,53033005802,"Census Tract 58.02, King County, Washington",4411,307,96,14,0,0,0,0,0,19,27,12,11,13,0,0,211,15,0,0,0,0,0,66,44,13,11,20,0,42,4104,2000,11,10,24,46,0,68,103,474,574,323,180,66,121,2104,103,10,105,53,13,25,103,436,426,319,205,120,186,5Y10,58.02,Seattle,12.2,12,Interbay,Interbay
61,53033005900,"Census Tract 59, King County, Washington",5669,553,340,0,0,0,0,0,0,269,0,26,14,31,0,0,213,0,0,0,0,0,0,100,19,14,37,13,0,30,5116,2499,129,38,169,0,7,20,187,581,450,450,288,117,63,2617,228,24,132,56,24,0,184,576,334,354,387,147,171,5Y10,59,Seattle,12.3,12,Queen Anne,"Queen Anne, Lower Queen Anne, Uptown, Seattle Center, Westlake"
62,53033006000,"Census Tract 60, King County, Washington",4578,382,146,0,0,6,6,0,0,54,0,0,33,9,19,19,236,0,0,0,0,0,0,61,24,0,21,59,19,52,4196,2123,148,31,102,0,15,32,87,301,601,211,297,161,137,2073,232,12,40,0,22,0,90,447,366,252,357,112,143,5Y10,60,Seattle,12.3,12,Queen Anne,"Queen Anne, Lower Queen Anne, Uptown, Seattle Center, Westlake"
63,53033006100,"Census Tract 61, King County, Washington",4766,454,212,0,0,0,0,0,0,104,74,15,19,0,0,0,242,0,0,0,30,0,0,101,82,0,0,29,0,0,4312,2064,26,12,59,17,0,29,76,596,497,285,226,130,111,2248,45,0,0,36,0,0,293,748,205,319,328,193,81,5Y10,61,Seattle,7.1,7,Montlake/Portage Bay,"Montlake, Portage Bay, Interlaken Park, Eastlake, Roanoke Park, Washington Park"
64,53033006200,"Census Tract 62, King County, Washington",4195,300,150,0,0,12,0,0,0,72,22,32,12,0,0,0,150,17,0,12,0,0,0,44,77,0,0,0,0,0,3895,1920,152,64,93,101,16,10,139,195,330,309,330,120,61,1975,129,35,162,18,0,40,87,296,297,358,284,181,88,5Y10,62,Seattle,7.1,7,Montlake/Portage Bay,"Montlake, Portage Bay, Interlaken Park, Eastlake, Roanoke Park, Washington Park"
65,53033006300,"Census Tract 63, King County, Washington",5190,252,64,0,0,0,0,0,0,0,0,18,17,29,0,0,188,0,0,0,0,0,0,82,40,0,48,13,0,5,4938,2078,106,19,218,45,10,53,4,284,336,271,377,126,229,2860,112,17,190,102,0,56,156,371,488,309,441,170,448,5Y10,63,Seattle,6.5,6,Madison Park,"Madison Park, Broadmoor, Washington Park, Harrison/Denny-Blaine"
66,53033006400,"Census Tract 64, King County, Washington",3322,193,101,0,0,0,0,0,0,14,13,28,14,11,0,21,92,0,0,0,0,0,0,26,13,23,0,21,9,0,3129,1674,93,21,64,63,75,35,92,203,319,287,264,87,71,1455,133,30,111,33,0,59,52,144,246,252,244,115,36,5Y10,64,Seattle,6.4,6,Miller Park,"Madison-Miller, Miller Park, Capitol Hill, Stevens"
67,53033006500,"Census Tract 65, King County, Washington",3798,288,149,0,0,0,0,0,0,37,80,0,0,11,21,0,139,0,0,0,0,0,0,39,50,0,14,14,22,0,3510,1909,11,0,73,36,0,0,155,482,482,356,193,78,43,1601,63,16,94,16,12,0,49,434,284,216,252,136,29,5Y10,65,Seattle,6.3,6,North Capitol Hill,"North Capitol Hill, Capitol Hill, North Broadway"
68,53033006600,"Census Tract 66, King County, Washington",3070,355,197,0,0,0,0,0,0,83,114,0,0,0,0,0,158,0,0,0,0,0,11,14,85,0,25,23,0,0,2715,1247,0,0,7,0,0,11,39,660,190,113,108,103,16,1468,0,30,19,11,13,0,140,688,183,81,151,78,74,5Y10,66,Seattle,11.3,11,Cascade/Eastlake,"South Lake Union, Eastlake, Cascade, Denny Triangle"
69,53033006700,"Census Tract 67, King County, Washington",6328,595,266,0,0,0,0,0,0,12,34,96,53,50,0,21,329,0,0,0,0,0,0,134,89,20,19,14,19,34,5733,2797,164,38,45,0,0,26,132,949,707,279,302,66,89,2936,114,0,46,0,0,25,152,1175,550,259,218,173,224,5Y10,67,Seattle,12.3,12,Queen Anne,"Queen Anne, Lower Queen Anne, Uptown, Seattle Center, Westlake"
70,53033006800,"Census Tract 68, King County, Washington",2652,96,49,0,0,2,0,0,0,18,8,0,0,21,0,0,47,0,0,3,0,0,0,0,19,0,12,13,0,0,2556,1331,182,13,77,39,9,0,33,237,320,194,131,71,25,1225,124,0,63,21,15,6,60,328,222,196,89,87,14,5Y10,68,Seattle,12.3,12,Queen Anne,"Queen Anne, Lower Queen Anne, Uptown, Seattle Center, Westlake"
71,53033006900,"Census Tract 69, King County, Washington",3952,285,63,0,0,0,0,0,0,36,27,0,0,0,0,0,222,0,0,0,0,0,0,87,41,33,30,0,0,31,3667,1947,198,0,198,20,20,31,81,275,397,347,248,68,64,1720,63,34,122,33,0,0,86,350,383,195,311,70,73,5Y10,69,Seattle,12.3,12,Queen Anne,"Queen Anne, Lower Queen Anne, Uptown, Seattle Center, Westlake"
72,53033007000,"Census Tract 70, King County, Washington",6993,685,293,0,0,0,0,0,0,142,75,33,0,15,15,13,392,32,0,0,0,0,10,66,134,46,36,27,16,25,6308,3100,63,46,46,0,0,0,265,1192,550,446,213,166,113,3208,34,0,43,0,0,48,326,1229,481,273,276,173,325,5Y10,70,Seattle,12.3,12,Queen Anne,"Queen Anne, Lower Queen Anne, Uptown, Seattle Center, Westlake"
73,53033007100,"Census Tract 71, King County, Washington",2521,265,124,0,0,0,0,0,0,46,0,0,31,22,0,25,141,0,0,0,0,0,0,90,12,0,39,0,0,0,2256,1102,0,5,0,0,0,0,58,530,181,107,119,31,71,1154,5,0,0,0,36,0,110,489,193,138,116,42,25,5Y10,71,Seattle,12.3,12,Queen Anne,"Queen Anne, Lower Queen Anne, Uptown, Seattle Center, Westlake"
74,53033007200,"Census Tract 72, King County, Washington",3867,735,288,0,0,0,0,0,0,159,45,38,19,17,10,0,447,0,0,0,0,0,0,193,47,37,56,26,50,38,3132,1679,0,0,0,0,0,0,216,651,394,194,161,53,10,1453,0,0,0,0,0,0,206,646,289,142,83,25,62,5Y10,72,Seattle,11.3,11,Cascade/Eastlake,"South Lake Union, Eastlake, Cascade, Denny Triangle"
75,53033007300,"Census Tract 73, King County, Washington",3463,732,460,0,0,53,0,0,0,9,112,52,75,140,19,0,272,0,0,0,0,0,0,61,64,61,49,32,5,0,2731,1491,64,0,0,0,0,0,145,779,272,42,89,78,22,1240,17,0,0,63,0,0,219,570,129,109,15,66,52,5Y10,73,Seattle,11.3,11,Cascade/Eastlake,"South Lake Union, Eastlake, Cascade, Denny Triangle"
76,53033007401,"Census Tract 74.01, King County, Washington",3823,378,172,0,0,0,0,0,0,58,13,42,39,20,0,0,206,0,0,0,0,0,0,10,98,83,0,15,0,0,3445,1896,30,31,0,0,0,0,218,873,289,178,161,50,66,1549,0,0,0,0,0,0,216,743,202,99,214,38,37,5Y10,74.01,Seattle,6.2,6,Capitol Hill,"Capitol Hill, Pike/Pine, Broadway, First Hill"
77,53033007402,"Census Tract 74.02, King County, Washington",5161,936,469,15,0,0,0,0,0,169,62,58,88,77,0,0,467,0,0,0,0,0,0,207,107,45,82,26,0,0,4225,2571,71,0,92,0,0,0,139,1348,456,323,98,29,15,1654,14,0,0,0,0,0,401,719,272,91,103,40,14,5Y10,74.02,Seattle,6.2,6,Capitol Hill,"Capitol Hill, Pike/Pine, Broadway, First Hill"
78,53033007500,"Census Tract 75, King County, Washington",5947,732,403,0,0,0,27,0,0,157,59,37,64,42,17,0,329,0,0,0,15,0,15,99,48,28,41,46,18,19,5215,2466,84,0,35,27,20,0,152,1083,502,280,245,0,38,2749,23,14,14,15,0,0,290,1483,386,263,118,130,13,5Y10,75,Seattle,6.2,6,Capitol Hill,"Capitol Hill, Pike/Pine, Broadway, First Hill"
79,53033007600,"Census Tract 76, King County, Washington",3595,384,196,0,0,0,0,0,11,0,55,54,16,34,13,13,188,0,0,0,0,0,0,65,30,10,0,60,23,0,3211,1573,81,0,70,45,0,27,66,587,407,112,110,22,46,1638,110,13,48,39,33,13,80,701,270,118,127,41,45,5Y10,76,Seattle,6.4,6,Miller Park,"Madison-Miller, Miller Park, Capitol Hill, Stevens"
80,53033007700,"Census Tract 77, King County, Washington",3947,647,303,61,12,0,0,24,0,75,39,68,24,0,0,0,344,23,0,59,10,0,0,58,91,10,64,17,12,0,3300,1627,116,0,65,57,22,0,72,414,452,189,156,29,55,1673,65,0,55,16,0,47,133,448,301,286,130,136,56,5Y10,77,Seattle,5.3,5,Central Area/Squire Park,"Central Area, Mann, Minor, Squire Park"
81,53033007800,"Census Tract 78, King County, Washington",5263,320,137,18,0,0,0,0,0,8,16,16,64,0,15,0,183,37,0,0,0,0,0,49,19,25,0,13,14,26,4943,2412,218,0,117,26,18,31,66,218,435,469,438,262,114,2531,262,47,159,94,8,62,71,172,504,323,565,158,106,5Y10,78,Seattle,5.1,5,Madrona/Leschi,"Madrona, Leschi, Harrison/Denny-Blaine"
82,53033007900,"Census Tract 79, King County, Washington",4997,734,268,0,0,0,0,0,0,28,94,0,20,81,45,0,466,0,0,0,0,0,0,130,101,0,39,75,71,50,4263,1842,82,35,0,26,0,0,73,532,486,283,190,118,17,2421,100,23,84,24,0,0,393,602,509,210,217,142,117,5Y10,79,Seattle,5.3,5,Central Area/Squire Park,"Central Area, Mann, Minor, Squire Park"
83,53033008001,"Census Tract 80.01, King County, Washington",5003,609,346,0,0,0,0,0,0,172,43,14,23,62,0,32,263,0,0,0,0,0,0,99,92,15,15,28,0,14,4394,2681,28,0,0,0,13,0,63,1115,572,437,284,98,71,1713,0,0,14,0,0,0,280,431,484,223,164,52,65,5Y10,80.01,Seattle,13.1,13,Belltown,"Belltown, Denny Regrade"
84,53033008002,"Census Tract 80.02, King County, Washington",2731,711,463,16,0,0,0,0,0,96,0,57,130,149,15,0,248,0,0,0,0,0,0,103,35,0,10,85,15,0,2020,1065,0,0,0,0,0,21,74,348,261,68,120,120,53,955,0,0,39,0,0,0,55,307,206,117,109,94,28,5Y10,80.02,Seattle,13.1,13,Belltown,"Belltown, Denny Regrade"
85,53033008100,"Census Tract 81, King County, Washington",4185,1643,1123,15,0,0,0,0,0,140,117,261,323,141,14,112,520,0,0,0,0,0,0,79,141,82,35,125,0,58,2542,1501,66,0,0,0,0,0,28,308,274,390,246,148,41,1041,0,0,0,0,0,0,50,330,153,215,127,83,83,5Y10,81,Seattle,13.2,13,Downtown Commercial Core,"Downtown Commercial Core, West Edge, Central Business District, Pike Place Market, Pioneer Square"
86,53033008200,"Census Tract 82, King County, Washington",2808,395,129,0,0,0,0,0,0,17,60,14,38,0,0,0,266,0,0,0,0,0,0,75,14,0,40,42,64,31,2413,1227,15,0,0,0,0,0,82,406,307,62,128,43,184,1186,0,0,0,0,0,0,104,251,91,167,171,134,268,5Y10,82,Seattle,6.1,6,First Hill,"First Hill, Yesler Terrace, Squire Park"
87,53033008300,"Census Tract 83, King County, Washington",2397,362,166,0,0,0,0,0,0,0,12,31,67,0,0,56,196,0,0,0,0,0,0,69,15,0,0,38,74,0,2035,852,0,0,0,0,0,0,65,308,146,84,136,30,83,1183,0,0,0,0,0,0,0,577,181,163,89,80,93,5Y10,83,Seattle,6.1,6,First Hill,"First Hill, Yesler Terrace, Squire Park"
88,53033008400,"Census Tract 84, King County, Washington",4035,703,251,45,0,0,0,0,0,56,70,0,63,17,0,0,452,48,0,14,14,0,15,77,54,75,128,0,0,27,3332,1765,26,0,23,0,0,0,197,618,423,144,171,60,103,1567,16,0,14,0,0,0,296,650,156,104,66,96,169,5Y10,84,Seattle,6.2,6,Capitol Hill,"Capitol Hill, Pike/Pine, Broadway, First Hill"
89,53033008500,"Census Tract 85, King County, Washington",2192,889,424,28,20,29,0,0,0,30,57,104,55,85,0,16,465,35,0,76,0,26,11,29,98,31,40,95,24,0,1303,549,12,0,0,13,32,0,54,254,10,76,33,22,43,754,0,0,0,0,0,13,132,193,182,48,70,57,59,5Y10,85,Seattle,6.1,6,First Hill,"First Hill, Yesler Terrace, Squire Park"
90,53033008600,"Census Tract 86, King County, Washington",2954,1142,561,22,0,0,20,0,9,218,39,80,86,49,38,0,581,0,9,13,14,0,0,299,35,69,67,21,19,35,1812,911,0,14,8,15,0,0,132,324,179,155,29,37,18,901,0,0,87,18,19,19,138,303,137,69,41,38,32,5Y10,86,Seattle,6.1,6,First Hill,"First Hill, Yesler Terrace, Squire Park"
91,53033008700,"Census Tract 87, King County, Washington",3849,552,210,0,0,9,0,0,0,32,33,63,32,10,0,31,342,22,10,55,27,0,0,90,57,59,22,0,0,0,3297,1519,73,0,54,95,0,43,129,214,400,269,145,76,21,1778,114,11,103,55,31,29,179,381,326,255,184,32,78,5Y10,87,Seattle,5.3,5,Central Area/Squire Park,"Central Area, Mann, Minor, Squire Park"
92,53033008800,"Census Tract 88, King County, Washington",3393,181,68,0,0,0,0,0,0,0,6,19,31,12,0,0,113,0,0,0,0,0,0,36,57,13,0,0,0,7,3212,1466,113,24,53,50,106,13,164,242,225,220,149,69,38,1746,13,0,106,30,0,91,147,309,238,219,307,80,206,5Y10,88,Seattle,5.3,5,Central Area/Squire Park,"Central Area, Mann, Minor, Squire Park"
93,53033008900,"Census Tract 89, King County, Washington",5068,1001,407,44,0,0,74,0,87,29,55,63,17,38,0,0,594,134,0,63,0,0,55,89,64,15,76,30,26,42,4067,2182,156,64,182,0,0,0,222,290,515,236,288,147,82,1885,100,18,36,18,0,33,193,425,356,169,358,111,68,5Y10,89,Seattle,5.1,5,Madrona/Leschi,"Madrona, Leschi, Harrison/Denny-Blaine"
94,53033009000,"Census Tract 90, King County, Washington",2251,695,313,32,0,60,0,0,0,63,28,0,11,33,43,43,382,0,0,0,18,0,18,29,52,0,53,23,77,112,1556,847,23,0,61,21,0,0,27,239,140,137,61,59,79,709,0,0,0,0,0,0,51,185,98,78,135,40,122,5Y10,90,Seattle,5.2,5,Judkins Park,"Judkins Park, Central Area, Little Saigon, Atlantic"
95,53033009100,"Census Tract 91, King County, Washington",2319,752,354,0,0,26,52,0,0,37,0,24,27,72,37,79,398,28,0,0,17,0,0,32,9,33,39,28,65,147,1567,945,39,0,16,29,11,19,132,67,149,154,178,86,65,622,18,0,24,0,0,7,23,80,56,83,152,21,158,5Y10,91,Seattle,13.3,13,Pioneer Square/International District,"Pioneer Square, International District, Chinatown, Little Saigon, ID, Chinatown-International District"
96,53033009200,"Census Tract 92, King County, Washington",2187,1004,574,0,0,0,0,0,0,24,0,55,116,155,111,113,430,17,0,0,0,0,0,54,31,0,105,129,46,48,1183,731,11,0,7,0,2,0,12,206,152,105,164,42,30,452,0,0,10,2,0,0,29,118,108,78,56,28,23,5Y10,92,Seattle,13.3,13,Pioneer Square/International District,"Pioneer Square, International District, Chinatown, Little Saigon, ID, Chinatown-International District"
97,53033009300,"Census Tract 93, King County, Washington",1948,362,296,10,0,0,0,0,0,0,0,24,98,138,26,0,66,0,0,0,0,0,0,0,11,11,25,0,10,9,1586,915,0,0,0,8,8,13,21,238,111,197,162,124,33,671,5,0,80,23,0,10,42,190,0,74,134,0,113,5Y10,93,Seattle,3.3,3,Duwamish/SODO,"Duwamish, SODO, Pioneer Square"
98,53033009400,"Census Tract 94, King County, Washington",5409,1476,906,128,0,129,26,0,0,45,113,171,39,40,52,163,570,0,0,76,0,23,27,94,62,61,65,75,46,41,3933,2214,146,0,89,34,20,0,251,440,461,289,296,125,63,1719,75,7,81,54,0,23,141,306,276,232,229,112,183,5Y10,94,Seattle,3.6,3,North Beacon Hill/Jefferson Park,"North Beacon Hill, Jefferson Park"
99,53033009500,"Census Tract 95, King County, Washington",5638,558,250,0,0,0,0,0,0,36,61,21,32,71,16,13,308,0,0,0,0,0,27,25,107,0,88,51,10,0,5080,2354,244,38,234,149,14,145,42,210,344,470,275,116,73,2726,120,0,220,91,0,89,146,234,512,525,471,207,111,5Y10,95,Seattle,4.4,4,Mt. Baker/North Rainier,"Mt. Baker, North Rainier, Atlantic"
100,53033009600,"Census Tract 96, King County, Washington",5623,422,138,0,0,0,0,0,0,0,46,0,71,0,0,21,284,0,0,0,0,0,0,62,12,33,25,6,37,109,5201,2563,129,40,56,25,38,58,78,542,303,370,443,261,220,2638,154,12,203,82,0,23,94,370,395,429,379,250,247,5Y10,96,Seattle,1.4,1,Alki/Admiral,"Alki, Admiral"
101,53033009701,"Census Tract 97.01, King County, Washington",5558,265,56,0,0,0,0,0,13,0,0,16,14,0,0,13,209,0,0,0,0,0,0,12,87,44,25,12,15,14,5293,2426,103,12,57,50,10,60,63,426,387,571,371,178,138,2867,116,13,158,36,90,42,145,518,496,442,499,110,202,5Y10,97.01,Seattle,1.4,1,Alki/Admiral,"Alki, Admiral"
102,53033009702,"Census Tract 97.02, King County, Washington",5186,254,164,14,0,16,0,0,0,0,0,15,93,16,0,10,90,16,0,0,0,0,0,0,31,0,0,16,0,27,4932,2271,113,35,104,71,80,0,212,269,460,325,364,143,95,2661,272,39,235,36,0,87,76,401,466,366,382,111,190,5Y10,97.02,Seattle,1.3,1,West Seattle Junction/Genesee Hill,"Seaview, Fairmount Park, Morgan Junction, Genesee Hill, Belvidere, West Seattle Junction, Alaska Junction, Admiral"
103,53033009800,"Census Tract 98, King County, Washington",6118,324,194,0,0,26,18,0,0,12,68,30,27,13,0,0,130,0,0,0,18,0,31,0,7,60,0,14,0,0,5794,2757,122,25,229,111,32,50,73,463,604,424,341,201,82,3037,148,13,215,54,13,45,194,662,478,488,398,174,155,5Y10,98,Seattle,1.3,1,West Seattle Junction/Genesee Hill,"Seaview, Fairmount Park, Morgan Junction, Genesee Hill, Belvidere, West Seattle Junction, Alaska Junction, Admiral"
104,53033009900,"Census Tract 99, King County, Washington",5071,535,233,0,0,0,0,0,43,40,17,16,66,29,22,0,302,17,0,0,0,0,0,16,180,0,29,60,0,0,4536,2375,205,0,41,0,77,59,152,600,613,299,230,69,30,2161,89,19,22,46,22,80,120,664,432,362,159,103,43,5Y10,99,Seattle,2.1,2,North Delridge,"North Delridge, Pigeon Point, Avalon, Luna Park, Harbor Island"
105,53033010001,"Census Tract 100.01, King County, Washington",3781,660,278,0,0,91,0,16,0,0,0,17,32,47,39,36,382,0,0,14,26,27,0,0,48,81,29,31,59,67,3121,1618,223,37,53,70,20,0,77,226,421,167,270,0,54,1503,73,0,219,18,0,0,103,279,223,159,249,53,127,5Y10,100.01,Seattle,3.6,3,North Beacon Hill/Jefferson Park,"North Beacon Hill, Jefferson Park"
106,53033010002,"Census Tract 100.02, King County, Washington",4238,257,95,0,0,12,0,0,0,0,12,45,0,26,0,0,162,46,0,0,0,0,0,41,0,26,24,0,15,10,3981,2192,197,52,46,0,0,35,204,743,335,341,117,48,74,1789,47,0,51,25,23,48,168,524,217,222,197,162,105,5Y10,100.02,Seattle,3.6,3,North Beacon Hill/Jefferson Park,"North Beacon Hill, Jefferson Park"
107,53033010100,"Census Tract 101, King County, Washington",5756,472,209,18,0,0,17,0,0,13,70,20,25,13,17,16,263,0,0,19,0,0,0,68,32,0,13,88,0,43,5284,2459,150,10,194,132,0,53,233,237,496,343,328,201,82,2825,192,44,218,73,41,75,204,165,716,428,291,256,122,5Y10,101,Seattle,4.2,4,Columbia City,"Columbia City, Brighton, Mt. Baker, Lakewood, Genesee, Hillman City"
108,53033010200,"Census Tract 102, King County, Washington",4786,219,100,0,0,0,0,19,0,0,18,0,10,53,0,0,119,0,0,0,0,0,38,4,0,10,33,0,17,17,4567,2205,229,23,211,61,0,13,137,176,394,398,291,126,146,2362,140,21,108,87,12,65,55,364,424,496,298,104,188,5Y10,102,Seattle,4.3,4,Seward Park,"Seward Park, Hillman City"
109,53033010300,"Census Tract 103, King County, Washington",5933,1198,616,41,34,25,37,0,0,0,56,166,135,58,0,64,582,83,13,123,0,0,0,55,128,19,45,45,13,58,4735,2274,147,22,72,124,0,48,207,355,538,261,225,174,101,2461,197,27,175,82,10,0,195,451,487,349,275,100,113,5Y10,103,Seattle,4.2,4,Columbia City,"Columbia City, Brighton, Mt. Baker, Lakewood, Genesee, Hillman City"
110,53033010401,"Census Tract 104.01, King County, Washington",4495,335,74,0,0,0,9,10,0,0,12,20,23,0,0,0,261,0,25,35,31,16,10,0,76,0,50,0,0,18,4160,1996,146,3,70,11,92,68,130,353,333,265,234,138,153,2164,173,116,74,62,10,34,159,353,375,290,140,198,180,5Y10,104.01,Seattle,3.5,3,Beacon Hill,Beacon Hill
111,53033010402,"Census Tract 104.02, King County, Washington",4454,241,51,0,0,10,0,0,0,0,0,10,7,14,0,10,190,0,0,39,0,0,34,0,45,0,43,11,18,0,4213,2155,165,0,145,40,16,59,197,404,281,273,292,151,132,2058,81,0,121,95,78,93,33,338,258,313,235,187,226,5Y10,104.02,Seattle,3.5,3,Beacon Hill,Beacon Hill
112,53033010500,"Census Tract 105, King County, Washington",5899,494,273,0,0,0,0,0,34,53,54,29,78,12,0,13,221,0,0,0,0,0,0,70,15,10,0,81,17,28,5405,2534,157,0,40,25,29,14,114,564,636,400,291,119,145,2871,286,45,82,54,15,49,150,603,468,244,517,112,246,5Y10,105,Seattle,1.3,1,West Seattle Junction/Genesee Hill,"Seaview, Fairmount Park, Morgan Junction, Genesee Hill, Belvidere, West Seattle Junction, Alaska Junction, Admiral"
113,53033010600,"Census Tract 106, King County, Washington",7073,468,139,56,0,0,0,0,0,0,0,17,49,17,0,0,329,0,0,0,0,0,0,29,93,63,30,53,43,18,6605,2989,128,14,143,137,71,39,46,609,586,602,313,118,183,3616,222,75,210,108,16,0,106,672,709,536,422,218,322,5Y10,106,Seattle,1.2,1,Fauntleroy/Seaview,"Fauntleroy, Gatewood, Morgan Junction, Lincoln Park, Seaview, Fairmount Park"
114,53033010701,"Census Tract 107.01, King County, Washington",2622,491,188,27,0,18,0,0,11,15,34,69,14,0,0,0,303,0,0,28,0,0,64,28,0,70,52,15,46,0,2131,1158,107,30,77,44,0,74,95,154,203,179,140,55,0,973,36,0,63,14,0,0,99,252,258,117,83,41,10,5Y10,107.01,Seattle,2.2,2,High Point,"High Point, Delridge"
115,53033010702,"Census Tract 107.02, King County, Washington",2597,1038,411,28,0,50,123,23,0,59,77,26,13,0,0,12,627,74,28,101,0,42,37,21,83,66,47,39,75,14,1559,769,22,0,32,0,22,0,71,321,142,120,24,0,15,790,55,0,42,33,11,36,56,166,143,130,57,11,50,5Y10,107.02,Seattle,2.2,2,High Point,"High Point, Delridge"
116,53033010800,"Census Tract 108, King County, Washington",4678,251,135,0,0,20,0,0,0,20,0,40,43,12,0,0,116,0,0,0,0,7,0,4,26,61,18,0,0,0,4427,2376,187,0,172,148,25,20,185,503,425,318,244,101,48,2051,120,0,152,94,68,29,128,315,360,379,275,59,72,5Y10,108,Seattle,2.3,2,Riverview,"Riverview, Delridge"
117,53033010900,"Census Tract 109, King County, Washington",1339,187,97,4,15,0,0,0,0,0,48,15,15,0,0,0,90,12,0,0,0,0,0,22,43,10,0,3,0,0,1152,696,91,0,6,0,0,0,33,168,160,124,65,49,0,456,0,45,6,0,0,0,21,204,16,56,46,24,38,5Y10,109,Seattle,3.2,3,Georgetown,Georgetown
118,53033011001,"Census Tract 110.01, King County, Washington",4148,1431,577,37,0,74,42,33,14,56,134,0,41,44,74,28,854,61,19,184,45,41,32,23,86,111,102,55,85,10,2717,1171,89,0,58,43,121,64,126,107,210,105,153,69,26,1546,80,0,93,13,31,0,250,172,260,238,77,144,188,5Y10,110.01,Seattle,3.4,3,South Beacon Hill/NewHolly,"South Beacon Hill, NewHolly, Holly Park"
119,53033011002,"Census Tract 110.02, King County, Washington",3722,435,269,57,8,8,34,0,0,81,0,26,42,0,13,0,166,0,0,12,44,0,0,0,20,65,0,14,11,0,3287,1554,59,9,73,35,34,34,494,144,131,135,267,97,42,1733,95,8,86,96,11,12,19,279,224,339,412,54,98,5Y10,110.02,Seattle,3.4,3,South Beacon Hill/NewHolly,"South Beacon Hill, NewHolly, Holly Park"
120,53033011101,"Census Tract 111.01, King County, Washington",4097,883,341,39,0,54,0,22,0,34,42,41,21,31,47,10,542,38,30,30,92,33,0,44,47,0,85,63,43,37,3214,1567,68,38,59,100,0,51,118,290,283,221,142,127,70,1647,150,38,37,20,0,20,130,345,241,171,183,160,152,5Y10,111.01,Seattle,4.2,4,Columbia City,"Columbia City, Brighton, Mt. Baker, Lakewood, Genesee, Hillman City"
121,53033011102,"Census Tract 111.02, King County, Washington",3695,652,417,0,0,0,31,32,10,103,35,12,115,12,38,29,235,0,0,0,0,0,0,54,12,37,30,54,0,48,3043,1602,111,9,54,60,10,11,243,205,249,277,236,69,68,1441,96,7,149,30,12,50,57,152,244,219,245,101,79,5Y10,111.02,Seattle,4.3,4,Seward Park,"Seward Park, Hillman City"
122,53033011200,"Census Tract 112, King County, Washington",3978,641,398,14,0,26,4,0,13,9,92,81,121,18,20,0,243,0,0,47,0,0,19,49,14,30,28,56,0,0,3337,1877,132,38,146,50,0,19,166,368,410,256,153,117,22,1460,119,41,84,38,58,52,140,266,303,167,111,15,66,5Y10,112,Seattle,3.1,3,South Park,South Park
123,53033011300,"Census Tract 113, King County, Washington",5527,407,220,0,14,14,0,0,26,69,19,0,23,55,0,0,187,0,0,0,0,0,0,16,28,0,49,45,0,49,5120,2697,175,17,157,69,48,95,208,503,412,458,267,229,59,2423,239,0,59,52,23,51,180,547,406,295,306,229,36,5Y10,113,Seattle,2.5,2,Highland Park,"Highland Park, Westwood, White Center, South Delridge"
124,53033011401,"Census Tract 114.01, King County, Washington",3915,261,162,20,0,10,18,0,0,37,0,51,12,14,0,0,99,0,0,0,0,0,0,36,20,0,27,0,16,0,3654,1682,122,49,12,0,10,12,113,476,380,230,131,84,63,1972,122,46,91,87,0,41,165,528,390,221,147,73,61,5Y10,114.01,Seattle,2.4,2,Roxhill/Westwood,"Roxhill, Westwood, South Delridge, White Center"
125,53033011402,"Census Tract 114.02, King County, Washington",4193,802,468,137,0,63,11,30,0,34,95,0,45,34,10,9,334,36,0,32,33,0,22,78,30,61,26,16,0,0,3391,1802,158,35,97,48,0,92,206,288,338,335,110,39,56,1589,110,12,53,38,0,139,64,329,298,241,55,114,136,5Y10,114.02,Seattle,2.4,2,Roxhill/Westwood,"Roxhill, Westwood, South Delridge, White Center"
126,53033011500,"Census Tract 115, King County, Washington",4152,118,27,0,0,0,0,0,0,0,0,12,0,0,0,15,91,0,0,0,0,0,0,15,0,21,0,55,0,0,4034,1907,130,23,122,7,9,94,49,497,361,212,265,28,110,2127,98,6,77,68,0,12,162,366,450,453,200,124,111,5Y10,115,Seattle,2.4,2,Roxhill/Westwood,"Roxhill, Westwood, South Delridge, White Center"
127,53033011600,"Census Tract 116, King County, Washington",6092,393,158,11,0,0,0,0,0,0,61,28,0,43,0,15,235,0,0,23,12,11,0,67,0,11,39,57,15,0,5699,2776,206,42,73,32,23,72,62,309,566,674,402,195,120,2923,199,12,173,25,8,85,182,393,486,589,285,269,217,5Y10,116,Seattle,1.2,1,Fauntleroy/Seaview,"Fauntleroy, Gatewood, Morgan Junction, Lincoln Park, Seaview, Fairmount Park"
128,53033011700,"Census Tract 117, King County, Washington",6708,1469,580,128,28,61,45,0,29,97,0,49,29,54,19,41,889,87,30,173,114,45,48,94,69,32,66,93,0,38,5239,2527,159,51,231,48,101,92,344,333,319,362,294,119,74,2712,157,35,216,110,21,57,209,353,397,433,253,188,283,5Y10,117,Seattle,3.4,3,South Beacon Hill/NewHolly,"South Beacon Hill, NewHolly, Holly Park"
129,53033011800,"Census Tract 118, King County, Washington",7588,1879,841,200,31,142,0,30,73,107,0,147,49,34,18,10,1038,170,0,94,85,50,54,74,136,249,59,27,33,7,5709,3095,144,56,276,255,15,122,265,302,325,675,321,242,97,2614,86,0,84,207,114,73,289,255,357,482,308,141,218,5Y10,118,Seattle,4.1,4,Rainier Beach,"Rainier Beach, Rainier View, Lake Ridge, Dunlap"
130,53033011900,"Census Tract 119, King County, Washington",7563,1117,663,33,21,93,34,35,53,97,55,34,146,33,11,18,454,73,0,74,40,0,18,0,37,52,65,39,41,15,6446,3358,259,46,241,100,55,121,300,439,457,444,458,257,181,3088,259,30,286,49,0,0,261,398,512,508,352,277,156,5Y10,119,Seattle,4.1,4,Rainier Beach,"Rainier Beach, Rainier View, Lake Ridge, Dunlap"
131,53033012000,"Census Tract 120, King County, Washington",3632,278,101,0,0,0,12,0,0,52,29,0,0,8,0,0,177,49,0,0,12,0,0,19,17,11,0,69,0,0,3354,1691,147,28,81,102,14,0,63,303,447,255,144,84,23,1663,130,28,141,8,26,51,119,184,395,317,118,84,62,5Y10,120,Seattle,1.1,1,Arbor Heights,"Arbor Heights, Brace Point, Endolyne, Arroyo"
132,53033012100,"Census Tract 121, King County, Washington",2556,63,47,0,0,0,0,0,0,7,0,0,12,20,0,8,16,0,0,0,0,0,0,0,0,0,0,0,8,8,2493,1178,28,29,88,39,0,15,43,53,234,265,166,98,120,1315,42,0,88,20,13,11,35,101,227,228,278,137,135,5Y10,121,Seattle,1.1,1,Arbor Heights,"Arbor Heights, Brace Point, Endolyne, Arroyo"
133,53033026001,"Census Tract 260.01, King County, Washington",5008,151,11,0,0,0,0,0,0,0,0,0,11,0,0,0,140,0,0,47,0,0,0,36,0,47,0,0,0,10,4857,2431,270,37,69,128,34,42,196,278,276,322,438,198,143,2426,123,19,110,0,0,82,175,327,203,422,506,185,274,5Y10,260.01,King County Balance,,,,
134,53033026400,"Census Tract 264, King County, Washington",6811,2631,1431,124,0,128,93,17,130,393,355,19,157,3,12,0,1200,184,0,211,49,0,0,0,241,148,286,54,12,15,4180,2123,263,0,145,37,10,30,56,260,370,342,249,254,107,2057,88,0,141,36,17,15,81,394,496,313,238,141,97,5Y10,264,King County Balance,,,,
135,53033026500,"Census Tract 265, King County, Washington",2905,658,356,95,13,7,12,0,34,58,46,9,18,51,13,0,302,16,0,40,2,7,9,87,72,26,12,31,0,0,2247,1173,41,5,59,34,14,23,106,121,176,149,299,78,68,1074,58,14,65,47,36,0,82,111,145,157,140,151,68,5Y10,265,King County Balance,,,,